function,status,c_symbol,c_headers,jx_headers,jx_sources,link_libraries,feature_flags,notes
strlen,native_c,jx_php_strlen,"stddef.h;stdint.h;string.h",src/runtime/jx_php_runtime.h,src/runtime/jx_php_runtime.c,,php_builtin_string,"Length is implemented against JxValue string conversion; no platform library required."
count,native_c,jx_php_count,"stddef.h;stdint.h",src/runtime/jx_php_runtime.h,src/runtime/jx_php_runtime.c,,php_builtin_array,"Initial scalar/null counting behavior is scaffolded; array/object backing still needs full JxValue container model."
sizeof,native_c,jx_php_count,"stddef.h;stdint.h",src/runtime/jx_php_runtime.h,src/runtime/jx_php_runtime.c,,php_builtin_array,"Alias of count; shares include/source requirements."
intval,native_c,jx_php_intval,"stdint.h;stdlib.h;string.h",src/runtime/jx_php_runtime.h,src/runtime/jx_php_runtime.c,,php_builtin_cast,"Uses C integer conversion helpers."
strval,native_c,jx_php_strval,"stdio.h;stdint.h;string.h",src/runtime/jx_php_runtime.h,src/runtime/jx_php_runtime.c,,php_builtin_cast,"Uses runtime string view conversion; current scaffold uses scratch storage for numeric conversion."
print,native_c,jx_php_print,"stdio.h;stdint.h;string.h",src/runtime/jx_php_runtime.h,src/runtime/jx_php_runtime.c,,php_builtin_output,"Writes to stdout in C context."
echo,language_construct,jx_php_print,"stdio.h;stdint.h;string.h",src/runtime/jx_php_runtime.h,src/runtime/jx_php_runtime.c,,php_construct_output,"Language construct lowered through output runtime; not looked up as ordinary PHP function."
include,unsupported,,,,,,php_construct_file,"Must not be silently bridged in native mode; needs filesystem include policy."
require,unsupported,,,,,,php_construct_file,"Must not be silently bridged in native mode; needs filesystem include policy."
file_get_contents,bridge_php,,,,,,php_builtin_filesystem,"Filesystem behavior is not native yet; C include/link needs explicit file IO policy before native status."
json_encode,bridge_php,,,,,,php_builtin_json,"Needs native JSON runtime module before native_c."
json_decode,bridge_php,,,,,,php_builtin_json,"Needs native JSON runtime module before native_c."
mysqli_connect,unsupported,,,,,,php_builtin_database,"Database functions require explicit native database module and link libraries; not allowed as implicit bridge in native-only mode."
pdo_connect,unsupported,,,,,,php_builtin_database,"Placeholder manifest row for PDO-style connection lowering; real PHP PDO API rows must be expanded individually."
